/* USERS */
INSERT INTO users VALUES ('A9999999A', 'Admin', 'True', '$2b$10$T24mdVF8M8ie28Rkj8hHkuoftnRbVNLZMvPMkJ7TaOpbfsQC2EvMW');
INSERT INTO users (id, name, password_digest) VALUES ('A0160001A', 'Chloe Tan', '$2b$10$xpXE/.ugaLhigMWJBjmXFOLId8l7YpVSC0DaV69MS//BuDhXbEwlq');
INSERT INTO users (id, name, password_digest) VALUES ('A0160002A', 'Timothy Phua', '$2b$10$xpXE/.ugaLhigMWJBjmXFOLId8l7YpVSC0DaV69MS//BuDhXbEwlq');
INSERT INTO users (id, name, password_digest) VALUES ('A0160003A', 'Dana Zhang', '$2b$10$xpXE/.ugaLhigMWJBjmXFOLId8l7YpVSC0DaV69MS//BuDhXbEwlq');
INSERT INTO users (id, name, password_digest) VALUES ('A0160004A', 'Megan Tan', '$2b$10$xpXE/.ugaLhigMWJBjmXFOLId8l7YpVSC0DaV69MS//BuDhXbEwlq');
INSERT INTO users (id, name, password_digest) VALUES ('A0160005A', 'Reuben Lam', '$2b$10$xpXE/.ugaLhigMWJBjmXFOLId8l7YpVSC0DaV69MS//BuDhXbEwlq');
INSERT INTO users (id, name, password_digest) VALUES ('A0160006A', 'Michelle Yeoh', '$2b$10$xpXE/.ugaLhigMWJBjmXFOLId8l7YpVSC0DaV69MS//BuDhXbEwlq');
INSERT INTO users (id, name, password_digest) VALUES ('A0160007A', 'Albert Ang', '$2b$10$xpXE/.ugaLhigMWJBjmXFOLId8l7YpVSC0DaV69MS//BuDhXbEwlq');
INSERT INTO users (id, name, password_digest) VALUES ('A0160008A', 'Rebecca Chua', '$2b$10$xpXE/.ugaLhigMWJBjmXFOLId8l7YpVSC0DaV69MS//BuDhXbEwlq');
INSERT INTO users (id, name, password_digest) VALUES ('A0160009A', 'Ashley Chee', '$2b$10$xpXE/.ugaLhigMWJBjmXFOLId8l7YpVSC0DaV69MS//BuDhXbEwlq');
INSERT INTO users (id, name, password_digest) VALUES ('A0160010A', 'Patrick Leow', '$2b$10$xpXE/.ugaLhigMWJBjmXFOLId8l7YpVSC0DaV69MS//BuDhXbEwlq');
INSERT INTO users (id, name, password_digest) VALUES ('A0160011A', 'Carrie Johnson', '$2b$10$xpXE/.ugaLhigMWJBjmXFOLId8l7YpVSC0DaV69MS//BuDhXbEwlq');
INSERT INTO users (id, name, password_digest) VALUES ('A0160012A', 'Dolores Reichert', '$2b$10$xpXE/.ugaLhigMWJBjmXFOLId8l7YpVSC0DaV69MS//BuDhXbEwlq');
INSERT INTO users (id, name, password_digest) VALUES ('A0160013A', 'Mia Wolff', '$2b$10$xpXE/.ugaLhigMWJBjmXFOLId8l7YpVSC0DaV69MS//BuDhXbEwlq');
INSERT INTO users (id, name, password_digest) VALUES ('A0160014A', 'Myra Ward', '$2b$10$xpXE/.ugaLhigMWJBjmXFOLId8l7YpVSC0DaV69MS//BuDhXbEwlq');
INSERT INTO users (id, name, password_digest) VALUES ('A0160015A', 'Pearl McDermott', '$2b$10$xpXE/.ugaLhigMWJBjmXFOLId8l7YpVSC0DaV69MS//BuDhXbEwlq');
INSERT INTO users (id, name, password_digest) VALUES ('A0160016A', 'Erica Connelly', '$2b$10$xpXE/.ugaLhigMWJBjmXFOLId8l7YpVSC0DaV69MS//BuDhXbEwlq');
INSERT INTO users (id, name, password_digest) VALUES ('A0160017A', 'Abraham Kertzmann', '$2b$10$xpXE/.ugaLhigMWJBjmXFOLId8l7YpVSC0DaV69MS//BuDhXbEwlq');
INSERT INTO users (id, name, password_digest) VALUES ('A0160018A', 'Ronny VonRueden', '$2b$10$xpXE/.ugaLhigMWJBjmXFOLId8l7YpVSC0DaV69MS//BuDhXbEwlq');
INSERT INTO users (id, name, password_digest) VALUES ('A0160019A', 'Wuying Fan', '$2b$10$xpXE/.ugaLhigMWJBjmXFOLId8l7YpVSC0DaV69MS//BuDhXbEwlq');
INSERT INTO users (id, name, password_digest) VALUES ('A0160020A', 'Hui Zhu', '$2b$10$xpXE/.ugaLhigMWJBjmXFOLId8l7YpVSC0DaV69MS//BuDhXbEwlq');
INSERT INTO users (id, name, password_digest) VALUES ('A0170001A', 'Braden Jenkins', '$2b$10$xpXE/.ugaLhigMWJBjmXFOLId8l7YpVSC0DaV69MS//BuDhXbEwlq');
INSERT INTO users (id, name, password_digest) VALUES ('A0170002A', 'Albina Bartoletti', '$2b$10$xpXE/.ugaLhigMWJBjmXFOLId8l7YpVSC0DaV69MS//BuDhXbEwlq');
INSERT INTO users (id, name, password_digest) VALUES ('A0170003A', 'Ara Skiles', '$2b$10$xpXE/.ugaLhigMWJBjmXFOLId8l7YpVSC0DaV69MS//BuDhXbEwlq');
INSERT INTO users (id, name, password_digest) VALUES ('A0170004A', 'Karil Dauby', '$2b$10$xpXE/.ugaLhigMWJBjmXFOLId8l7YpVSC0DaV69MS//BuDhXbEwlq');
INSERT INTO users (id, name, password_digest) VALUES ('A0170005A', 'Ganny Terbeck', '$2b$10$xpXE/.ugaLhigMWJBjmXFOLId8l7YpVSC0DaV69MS//BuDhXbEwlq');
INSERT INTO users (id, name, password_digest) VALUES ('A0170006A', 'Zechariah Spinney', '$2b$10$xpXE/.ugaLhigMWJBjmXFOLId8l7YpVSC0DaV69MS//BuDhXbEwlq');
INSERT INTO users (id, name, password_digest) VALUES ('A0170007A', 'Rodi Rustadge', '$2b$10$xpXE/.ugaLhigMWJBjmXFOLId8l7YpVSC0DaV69MS//BuDhXbEwlq');
INSERT INTO users (id, name, password_digest) VALUES ('A0170008A', 'Korey Carbery', '$2b$10$xpXE/.ugaLhigMWJBjmXFOLId8l7YpVSC0DaV69MS//BuDhXbEwlq');
INSERT INTO users (id, name, password_digest) VALUES ('A0170009A', 'Estrella Rosenfield', '$2b$10$xpXE/.ugaLhigMWJBjmXFOLId8l7YpVSC0DaV69MS//BuDhXbEwlq');
INSERT INTO users (id, name, password_digest) VALUES ('A0170010A', 'Amelia Gregh', '$2b$10$xpXE/.ugaLhigMWJBjmXFOLId8l7YpVSC0DaV69MS//BuDhXbEwlq');
INSERT INTO users (id, name, password_digest) VALUES ('A0170011A', 'Denys Landal', '$2b$10$xpXE/.ugaLhigMWJBjmXFOLId8l7YpVSC0DaV69MS//BuDhXbEwlq');
INSERT INTO users (id, name, password_digest) VALUES ('A0170012A', 'Shirley Bursnell', '$2b$10$xpXE/.ugaLhigMWJBjmXFOLId8l7YpVSC0DaV69MS//BuDhXbEwlq');
INSERT INTO users (id, name, password_digest) VALUES ('A0170013A', 'Caesar Morcomb', '$2b$10$xpXE/.ugaLhigMWJBjmXFOLId8l7YpVSC0DaV69MS//BuDhXbEwlq');
INSERT INTO users (id, name, password_digest) VALUES ('A0170014A', 'Waylin Canadine', '$2b$10$xpXE/.ugaLhigMWJBjmXFOLId8l7YpVSC0DaV69MS//BuDhXbEwlq');
INSERT INTO users (id, name, password_digest) VALUES ('A0170015A', 'Celene Franz-Schoninger', '$2b$10$xpXE/.ugaLhigMWJBjmXFOLId8l7YpVSC0DaV69MS//BuDhXbEwlq');
INSERT INTO users (id, name, password_digest) VALUES ('A0170016A', 'Carla Florence', '$2b$10$xpXE/.ugaLhigMWJBjmXFOLId8l7YpVSC0DaV69MS//BuDhXbEwlq');
INSERT INTO users (id, name, password_digest) VALUES ('A0170017A', 'Quintus Blaycock', '$2b$10$xpXE/.ugaLhigMWJBjmXFOLId8l7YpVSC0DaV69MS//BuDhXbEwlq');
INSERT INTO users (id, name, password_digest) VALUES ('A0170018A', 'Dominica Boeck', '$2b$10$xpXE/.ugaLhigMWJBjmXFOLId8l7YpVSC0DaV69MS//BuDhXbEwlq');
INSERT INTO users (id, name, password_digest) VALUES ('A0170019A', 'Anissa Littel', '$2b$10$xpXE/.ugaLhigMWJBjmXFOLId8l7YpVSC0DaV69MS//BuDhXbEwlq');
INSERT INTO users (id, name, password_digest) VALUES ('A0170020A', 'Kathleen Haley', '$2b$10$xpXE/.ugaLhigMWJBjmXFOLId8l7YpVSC0DaV69MS//BuDhXbEwlq');
INSERT INTO users (id, name, password_digest) VALUES ('A0180001A', 'Kaia Bailey', '$2b$10$xpXE/.ugaLhigMWJBjmXFOLId8l7YpVSC0DaV69MS//BuDhXbEwlq');
INSERT INTO users (id, name, password_digest) VALUES ('A0180002A', 'Anais Reichel', '$2b$10$xpXE/.ugaLhigMWJBjmXFOLId8l7YpVSC0DaV69MS//BuDhXbEwlq');
INSERT INTO users (id, name, password_digest) VALUES ('A0180003A', 'Alexander Kilback', '$2b$10$xpXE/.ugaLhigMWJBjmXFOLId8l7YpVSC0DaV69MS//BuDhXbEwlq');
INSERT INTO users (id, name, password_digest) VALUES ('A0180004A', 'Veronica Kessler', '$2b$10$xpXE/.ugaLhigMWJBjmXFOLId8l7YpVSC0DaV69MS//BuDhXbEwlq');
INSERT INTO users (id, name, password_digest) VALUES ('A0180005A', 'Adriana Marvin', '$2b$10$xpXE/.ugaLhigMWJBjmXFOLId8l7YpVSC0DaV69MS//BuDhXbEwlq');
INSERT INTO users (id, name, password_digest) VALUES ('A0180006A', 'Liliana Ratke', '$2b$10$xpXE/.ugaLhigMWJBjmXFOLId8l7YpVSC0DaV69MS//BuDhXbEwlq');
INSERT INTO users (id, name, password_digest) VALUES ('A0180007A', 'Mandy Lowe', '$2b$10$xpXE/.ugaLhigMWJBjmXFOLId8l7YpVSC0DaV69MS//BuDhXbEwlq');
INSERT INTO users (id, name, password_digest) VALUES ('A0180008A', 'Maymie Hane', '$2b$10$xpXE/.ugaLhigMWJBjmXFOLId8l7YpVSC0DaV69MS//BuDhXbEwlq');
INSERT INTO users (id, name, password_digest) VALUES ('A0180009A', 'Zoila Jacobi', '$2b$10$xpXE/.ugaLhigMWJBjmXFOLId8l7YpVSC0DaV69MS//BuDhXbEwlq');
INSERT INTO users (id, name, password_digest) VALUES ('A0180010A', 'Myles VonRueden', '$2b$10$xpXE/.ugaLhigMWJBjmXFOLId8l7YpVSC0DaV69MS//BuDhXbEwlq');
INSERT INTO users (id, name, password_digest) VALUES ('A0180011A', 'Adelle Pacocha', '$2b$10$xpXE/.ugaLhigMWJBjmXFOLId8l7YpVSC0DaV69MS//BuDhXbEwlq');
INSERT INTO users (id, name, password_digest) VALUES ('A0180012A', 'Colten Gutkowski', '$2b$10$xpXE/.ugaLhigMWJBjmXFOLId8l7YpVSC0DaV69MS//BuDhXbEwlq');
INSERT INTO users (id, name, password_digest) VALUES ('A0180013A', 'Lily Price', '$2b$10$xpXE/.ugaLhigMWJBjmXFOLId8l7YpVSC0DaV69MS//BuDhXbEwlq');
INSERT INTO users (id, name, password_digest) VALUES ('A0180014A', 'Enrique Johnson', '$2b$10$xpXE/.ugaLhigMWJBjmXFOLId8l7YpVSC0DaV69MS//BuDhXbEwlq');
INSERT INTO users (id, name, password_digest) VALUES ('A0180015A', 'Trudie Heller', '$2b$10$xpXE/.ugaLhigMWJBjmXFOLId8l7YpVSC0DaV69MS//BuDhXbEwlq');
INSERT INTO users (id, name, password_digest) VALUES ('A0180016A', 'Polly Reinger', '$2b$10$xpXE/.ugaLhigMWJBjmXFOLId8l7YpVSC0DaV69MS//BuDhXbEwlq');
INSERT INTO users (id, name, password_digest) VALUES ('A0180017A', 'Jace Champlin', '$2b$10$xpXE/.ugaLhigMWJBjmXFOLId8l7YpVSC0DaV69MS//BuDhXbEwlq');
INSERT INTO users (id, name, password_digest) VALUES ('A0180018A', 'Georgette Stroman', '$2b$10$xpXE/.ugaLhigMWJBjmXFOLId8l7YpVSC0DaV69MS//BuDhXbEwlq');
INSERT INTO users (id, name, password_digest) VALUES ('A0180019A', 'Dave Rolfson', '$2b$10$xpXE/.ugaLhigMWJBjmXFOLId8l7YpVSC0DaV69MS//BuDhXbEwlq');
INSERT INTO users (id, name, password_digest) VALUES ('A0180020A', 'Keith Braun', '$2b$10$xpXE/.ugaLhigMWJBjmXFOLId8l7YpVSC0DaV69MS//BuDhXbEwlq');
INSERT INTO users (id, name, password_digest) VALUES ('A0190001A', 'Seamus Hackett', '$2b$10$xpXE/.ugaLhigMWJBjmXFOLId8l7YpVSC0DaV69MS//BuDhXbEwlq');
INSERT INTO users (id, name, password_digest) VALUES ('A0190002A', 'Wyman Murray', '$2b$10$xpXE/.ugaLhigMWJBjmXFOLId8l7YpVSC0DaV69MS//BuDhXbEwlq');
INSERT INTO users (id, name, password_digest) VALUES ('A0190003A', 'Pietro Borer', '$2b$10$xpXE/.ugaLhigMWJBjmXFOLId8l7YpVSC0DaV69MS//BuDhXbEwlq');
INSERT INTO users (id, name, password_digest) VALUES ('A0190004A', 'Jalen Sanford', '$2b$10$xpXE/.ugaLhigMWJBjmXFOLId8l7YpVSC0DaV69MS//BuDhXbEwlq');
INSERT INTO users (id, name, password_digest) VALUES ('A0190005A', 'Ryan Swaniawski', '$2b$10$xpXE/.ugaLhigMWJBjmXFOLId8l7YpVSC0DaV69MS//BuDhXbEwlq');
INSERT INTO users (id, name, password_digest) VALUES ('A0190006A', 'Lonzo Stark', '$2b$10$xpXE/.ugaLhigMWJBjmXFOLId8l7YpVSC0DaV69MS//BuDhXbEwlq');
INSERT INTO users (id, name, password_digest) VALUES ('A0190007A', 'lorencio Renner', '$2b$10$xpXE/.ugaLhigMWJBjmXFOLId8l7YpVSC0DaV69MS//BuDhXbEwlq');
INSERT INTO users (id, name, password_digest) VALUES ('A0190008A', 'Dusty Crooks', '$2b$10$xpXE/.ugaLhigMWJBjmXFOLId8l7YpVSC0DaV69MS//BuDhXbEwlq');
INSERT INTO users (id, name, password_digest) VALUES ('A0190009A', 'Triston Von', '$2b$10$xpXE/.ugaLhigMWJBjmXFOLId8l7YpVSC0DaV69MS//BuDhXbEwlq');
INSERT INTO users (id, name, password_digest) VALUES ('A0190010A', 'Deon Bruen', '$2b$10$xpXE/.ugaLhigMWJBjmXFOLId8l7YpVSC0DaV69MS//BuDhXbEwlq');
INSERT INTO users (id, name, password_digest) VALUES ('A0190011A', 'Erich Hane', '$2b$10$xpXE/.ugaLhigMWJBjmXFOLId8l7YpVSC0DaV69MS//BuDhXbEwlq');
INSERT INTO users (id, name, password_digest) VALUES ('A0190012A', 'Rose Douglas', '$2b$10$xpXE/.ugaLhigMWJBjmXFOLId8l7YpVSC0DaV69MS//BuDhXbEwlq');
INSERT INTO users (id, name, password_digest) VALUES ('A0190013A', 'Harley Schumm', '$2b$10$xpXE/.ugaLhigMWJBjmXFOLId8l7YpVSC0DaV69MS//BuDhXbEwlq');
INSERT INTO users (id, name, password_digest) VALUES ('A0190014A', 'Gabrielle Armstrong', '$2b$10$xpXE/.ugaLhigMWJBjmXFOLId8l7YpVSC0DaV69MS//BuDhXbEwlq');
INSERT INTO users (id, name, password_digest) VALUES ('A0190015A', 'Cleve Shanahan', '$2b$10$xpXE/.ugaLhigMWJBjmXFOLId8l7YpVSC0DaV69MS//BuDhXbEwlq');
INSERT INTO users (id, name, password_digest) VALUES ('A0190016A', 'Sonya Sauer', '$2b$10$xpXE/.ugaLhigMWJBjmXFOLId8l7YpVSC0DaV69MS//BuDhXbEwlq');
INSERT INTO users (id, name, password_digest) VALUES ('A0190017A', 'Thora Huel', '$2b$10$xpXE/.ugaLhigMWJBjmXFOLId8l7YpVSC0DaV69MS//BuDhXbEwlq');
INSERT INTO users (id, name, password_digest) VALUES ('A0190018A', 'Cristina Deckow', '$2b$10$xpXE/.ugaLhigMWJBjmXFOLId8l7YpVSC0DaV69MS//BuDhXbEwlq');
INSERT INTO users (id, name, password_digest) VALUES ('A0190019A', 'Jensen Cummings', '$2b$10$xpXE/.ugaLhigMWJBjmXFOLId8l7YpVSC0DaV69MS//BuDhXbEwlq');
INSERT INTO users (id, name, password_digest) VALUES ('A0190020A', 'Adolf Fisher', '$2b$10$xpXE/.ugaLhigMWJBjmXFOLId8l7YpVSC0DaV69MS//BuDhXbEwlq');
INSERT INTO users (id, name, password_digest) VALUES ('A0200001A', 'Howell Huels', '$2b$10$xpXE/.ugaLhigMWJBjmXFOLId8l7YpVSC0DaV69MS//BuDhXbEwlq');
INSERT INTO users (id, name, password_digest) VALUES ('A0200002A', 'Mario Doyle', '$2b$10$xpXE/.ugaLhigMWJBjmXFOLId8l7YpVSC0DaV69MS//BuDhXbEwlq');
INSERT INTO users (id, name, password_digest) VALUES ('A0200003A', 'Morris Rogahn', '$2b$10$xpXE/.ugaLhigMWJBjmXFOLId8l7YpVSC0DaV69MS//BuDhXbEwlq');
INSERT INTO users (id, name, password_digest) VALUES ('A0200004A', 'Ayden Ortiz', '$2b$10$xpXE/.ugaLhigMWJBjmXFOLId8l7YpVSC0DaV69MS//BuDhXbEwlq');
INSERT INTO users (id, name, password_digest) VALUES ('A0200005A', 'Orland Cummings', '$2b$10$xpXE/.ugaLhigMWJBjmXFOLId8l7YpVSC0DaV69MS//BuDhXbEwlq');
INSERT INTO users (id, name, password_digest) VALUES ('A0200006A', 'Eloisa Kutch', '$2b$10$xpXE/.ugaLhigMWJBjmXFOLId8l7YpVSC0DaV69MS//BuDhXbEwlq');
INSERT INTO users (id, name, password_digest) VALUES ('A0200007A', 'Deangelo Reinger', '$2b$10$xpXE/.ugaLhigMWJBjmXFOLId8l7YpVSC0DaV69MS//BuDhXbEwlq');
INSERT INTO users (id, name, password_digest) VALUES ('A0200008A', 'Carmela Robel', '$2b$10$xpXE/.ugaLhigMWJBjmXFOLId8l7YpVSC0DaV69MS//BuDhXbEwlq');
INSERT INTO users (id, name, password_digest) VALUES ('A0200009A', 'Austin Hagenes', '$2b$10$xpXE/.ugaLhigMWJBjmXFOLId8l7YpVSC0DaV69MS//BuDhXbEwlq');
INSERT INTO users (id, name, password_digest) VALUES ('A0200010A', 'Nicholas Schmeler', '$2b$10$xpXE/.ugaLhigMWJBjmXFOLId8l7YpVSC0DaV69MS//BuDhXbEwlq');
INSERT INTO users (id, name, password_digest) VALUES ('A0200011A', 'Blair Thompson', '$2b$10$xpXE/.ugaLhigMWJBjmXFOLId8l7YpVSC0DaV69MS//BuDhXbEwlq');
INSERT INTO users (id, name, password_digest) VALUES ('A0200012A', 'Devonte Bechtelar', '$2b$10$xpXE/.ugaLhigMWJBjmXFOLId8l7YpVSC0DaV69MS//BuDhXbEwlq');
INSERT INTO users (id, name, password_digest) VALUES ('A0200013A', 'Dana Chan', '$2b$10$xpXE/.ugaLhigMWJBjmXFOLId8l7YpVSC0DaV69MS//BuDhXbEwlq');
INSERT INTO users (id, name, password_digest) VALUES ('A0200014A', 'Megan Leow', '$2b$10$xpXE/.ugaLhigMWJBjmXFOLId8l7YpVSC0DaV69MS//BuDhXbEwlq');
INSERT INTO users (id, name, password_digest) VALUES ('A0200015A', 'Karley Price', '$2b$10$xpXE/.ugaLhigMWJBjmXFOLId8l7YpVSC0DaV69MS//BuDhXbEwlq');
INSERT INTO users (id, name, password_digest) VALUES ('S0200016A', 'Michelle Kong', '$2b$10$xpXE/.ugaLhigMWJBjmXFOLId8l7YpVSC0DaV69MS//BuDhXbEwlq');
INSERT INTO users (id, name, password_digest) VALUES ('S0200017A', 'Rachel Ang', '$2b$10$xpXE/.ugaLhigMWJBjmXFOLId8l7YpVSC0DaV69MS//BuDhXbEwlq');
INSERT INTO users (id, name, password_digest) VALUES ('S0200018A', 'Bernice Yu', '$2b$10$xpXE/.ugaLhigMWJBjmXFOLId8l7YpVSC0DaV69MS//BuDhXbEwlq');
INSERT INTO users (id, name, password_digest) VALUES ('S0200019A', 'John Doe', '$2b$10$xpXE/.ugaLhigMWJBjmXFOLId8l7YpVSC0DaV69MS//BuDhXbEwlq');
INSERT INTO users (id, name, password_digest) VALUES ('S0200020A', 'Alice Leow', '$2b$10$xpXE/.ugaLhigMWJBjmXFOLId8l7YpVSC0DaV69MS//BuDhXbEwlq');

/* SEMESTERS */
INSERT INTO semesters VALUES ('AY18/19S1', '2018-08-13 00:00:00', '2018-12-09 00:00:00');
INSERT INTO semesters VALUES ('AY18/19S2', '2019-01-14 00:00:00', '2019-05-11 00:00:00');
INSERT INTO semesters VALUES ('AY19/20S1', '2019-08-05 00:00:00', '2019-12-07 00:00:00');
INSERT INTO semesters VALUES ('AY19/20S2', '2020-01-13 00:00:00', '2020-05-09 00:00:00');

/* MODULES */
INSERT INTO modules VALUES ('CS2102');
INSERT INTO modules VALUES ('CS1101S');
INSERT INTO modules VALUES ('CS2103');
INSERT INTO modules VALUES ('GEQ1000');

/* COURSES */
INSERT INTO courses VALUES ('AY18/19S1', 'CS2102', 'Database Systems', 'The aim of this module is to introduce the fundamental concepts and techniques necessary for the understanding and practice of design and implementation of database applications and of the management of data with relational database management systems. The module covers practical and theoretical aspects of design with entity-relationship model, theory of functional dependencies and normalisation by decomposition in second, third and Boyce-Codd normal forms. The module covers practical and theoretical aspects of programming with SQL data definition and manipulation sublanguages, relational tuple calculus, relational domain calculus and relational algebra.', 4);
INSERT INTO courses VALUES ('AY18/19S2', 'CS2102', 'Database Systems', 'The aim of this module is to introduce the fundamental concepts and techniques necessary for the understanding and practice of design and implementation of database applications and of the management of data with relational database management systems. The module covers practical and theoretical aspects of design with entity-relationship model, theory of functional dependencies and normalisation by decomposition in second, third and Boyce-Codd normal forms. The module covers practical and theoretical aspects of programming with SQL data definition and manipulation sublanguages, relational tuple calculus, relational domain calculus and relational algebra.', 6);
INSERT INTO courses VALUES ('AY19/20S1', 'CS2102', 'Database Systems', 'The aim of this module is to introduce the fundamental concepts and techniques necessary for the understanding and practice of design and implementation of database applications and of the management of data with relational database management systems. The module covers practical and theoretical aspects of design with entity-relationship model, theory of functional dependencies and normalisation by decomposition in second, third and Boyce-Codd normal forms. The module covers practical and theoretical aspects of programming with SQL data definition and manipulation sublanguages, relational tuple calculus, relational domain calculus and relational algebra.', 6);
INSERT INTO courses VALUES ('AY18/19S1', 'CS1101S', 'Programming Methodology', 'This module introduces the concepts of programming and computational problem solving, and is the first and foremost introductory module to computing. Starting from a small core of fundamental abstractions, the module introduces programming as a method for communicating computational processes. The module begins with purely functional programming based on a simple substitution-based execution model, and ends with a powerful modern imperative language based on a realistic environment-based execution model. Topics covered include: functional abstraction, recursion, higher-order functions, data abstraction, algorithmic strategies, state mutation, loops and arrays, evaluation strategies, sorting and searching, debugging and testing.', 5);
INSERT INTO courses VALUES ('AY18/19S2', 'CS1101S', 'Programming Methodology (Revamped)', 'This module introduces the concepts of programming and computational problem solving, and is the first and foremost introductory module to computing. Starting from a small core of fundamental abstractions, the module introduces programming as a method for communicating computational processes. The module begins with purely functional programming based on a simple substitution-based execution model, and ends with a powerful modern imperative language based on a realistic environment-based execution model. Topics covered include: functional abstraction, recursion, higher-order functions, data abstraction, algorithmic strategies, state mutation, loops and arrays, evaluation strategies, sorting and searching, debugging and testing.', 4);
INSERT INTO courses VALUES ('AY18/19S1', 'CS2103', 'Software Engineering', 'This module introduces the necessary conceptual and analytical tools for systematic and rigorous development of software systems. It covers four main areas of software development, namely object-oriented system analysis, object-oriented system modelling and design, implementation, and testing, with emphasis on system modelling and design and implementation of software modules that work cooperatively to fulfill the requirements of the system. Tools and techniques for software development, such as Unified Modelling Language (UML), program specification, and testing methods, will be taught. Major software engineering issues such as modularisation criteria, program correctness, and software quality will also be covered.', 4);
INSERT INTO courses VALUES ('AY19/20S1', 'CS2103', 'Software Engineering', 'This module introduces the necessary conceptual and analytical tools for systematic and rigorous development of software systems. It covers four main areas of software development, namely object-oriented system analysis, object-oriented system modelling and design, implementation, and testing, with emphasis on system modelling and design and implementation of software modules that work cooperatively to fulfill the requirements of the system. Tools and techniques for software development, such as Unified Modelling Language (UML), program specification, and testing methods, will be taught. Major software engineering issues such as modularisation criteria, program correctness, and software quality will also be covered.', 6);
INSERT INTO courses VALUES ('AY18/19S1', 'GEQ1000', 'Asking Questions', 'There are many ways to ask questions, and many kinds of questions that different disciplines investigate. For a start, this module introduces six dominant modes of questioning from the perspective of computational thinking, design thinking, engineering, philosophy, science, and social sciences. These six perspectives serve as a starting point to introduce all undergraduate students to different modes of questioning across these disciplines, and provide an initial exposure to how scholars from these disciplines pursue specific lines of questioning of everyday issues. We emphasize that while there is only limited time and space within one module to devote to specific disciplinary lines of investigations, we encourage all students to actively think about other lines of questioning, other questions that need to be asked, particularly in disciplines not represented in this introductory platform as we move through this journey together. We expect that in future subsequent offerings, other disciplinary modes of investigations may also be introduced.', 4);
INSERT INTO courses VALUES ('AY18/19S2', 'GEQ1000', 'Asking Questions', 'There are many ways to ask questions, and many kinds of questions that different disciplines investigate. For a start, this module introduces six dominant modes of questioning from the perspective of computational thinking, design thinking, engineering, philosophy, science, and social sciences. These six perspectives serve as a starting point to introduce all undergraduate students to different modes of questioning across these disciplines, and provide an initial exposure to how scholars from these disciplines pursue specific lines of questioning of everyday issues. We emphasize that while there is only limited time and space within one module to devote to specific disciplinary lines of investigations, we encourage all students to actively think about other lines of questioning, other questions that need to be asked, particularly in disciplines not represented in this introductory platform as we move through this journey together. We expect that in future subsequent offerings, other disciplinary modes of investigations may also be introduced.', 4);
INSERT INTO courses VALUES ('AY19/20S1', 'GEQ1000', 'Asking Questions', 'There are many ways to ask questions, and many kinds of questions that different disciplines investigate. For a start, this module introduces six dominant modes of questioning from the perspective of computational thinking, design thinking, engineering, philosophy, science, and social sciences. These six perspectives serve as a starting point to introduce all undergraduate students to different modes of questioning across these disciplines, and provide an initial exposure to how scholars from these disciplines pursue specific lines of questioning of everyday issues. We emphasize that while there is only limited time and space within one module to devote to specific disciplinary lines of investigations, we encourage all students to actively think about other lines of questioning, other questions that need to be asked, particularly in disciplines not represented in this introductory platform as we move through this journey together. We expect that in future subsequent offerings, other disciplinary modes of investigations may also be introduced.', 4);
INSERT INTO courses VALUES ('AY19/20S2', 'GEQ1000', 'Asking Questions', 'There are many ways to ask questions, and many kinds of questions that different disciplines investigate. For a start, this module introduces six dominant modes of questioning from the perspective of computational thinking, design thinking, engineering, philosophy, science, and social sciences. These six perspectives serve as a starting point to introduce all undergraduate students to different modes of questioning across these disciplines, and provide an initial exposure to how scholars from these disciplines pursue specific lines of questioning of everyday issues. We emphasize that while there is only limited time and space within one module to devote to specific disciplinary lines of investigations, we encourage all students to actively think about other lines of questioning, other questions that need to be asked, particularly in disciplines not represented in this introductory platform as we move through this journey together. We expect that in future subsequent offerings, other disciplinary modes of investigations may also be introduced.', 4);

/* COURSE_REQUESTS */
INSERT INTO course_requests VALUES ('A0160001A', '2019-08-14 00:00:00', 'AY19/20S1', 'CS2103', 'True', '2019-08-15 00:00:00');
INSERT INTO course_requests VALUES ('A0160002A', '2019-08-14 00:00:00', 'AY19/20S1', 'CS2103', 'True', '2019-08-15 00:00:00');
INSERT INTO course_requests VALUES ('A0160003A', '2019-08-14 00:00:00', 'AY19/20S1', 'CS2103', 'True', '2019-08-15 00:00:00');
INSERT INTO course_requests VALUES ('A0160004A', '2019-08-14 00:00:00', 'AY19/20S1', 'CS2103', 'True', '2019-08-15 00:00:00');
INSERT INTO course_requests VALUES ('A0160005A', '2019-08-14 00:00:00', 'AY19/20S1', 'CS2103', 'True', '2019-08-15 00:00:00');
INSERT INTO course_requests VALUES ('A0160006A', '2019-08-14 00:00:00', 'AY19/20S1', 'CS2103', 'True', '2019-08-15 00:00:00');
INSERT INTO course_requests VALUES ('A0160007A', '2019-08-14 00:00:00', 'AY19/20S1', 'CS2103', 'True', '2019-08-15 00:00:00');
INSERT INTO course_requests VALUES ('A0160008A', '2019-08-14 00:00:00', 'AY19/20S1', 'CS2103', 'True', '2019-08-15 00:00:00');
INSERT INTO course_requests VALUES ('A0160009A', '2019-08-14 00:00:00', 'AY19/20S1', 'CS2103', 'True', '2019-08-15 00:00:00');
INSERT INTO course_requests VALUES ('A0160010A', '2019-08-14 00:00:00', 'AY19/20S1', 'CS2103', 'True', '2019-08-15 00:00:00');
INSERT INTO course_requests VALUES ('A0160011A', '2019-08-14 00:00:00', 'AY19/20S1', 'CS2103', 'True', '2019-08-15 00:00:00');
INSERT INTO course_requests VALUES ('A0160012A', '2019-08-14 00:00:00', 'AY19/20S1', 'CS2103', 'True', '2019-08-15 00:00:00');
INSERT INTO course_requests VALUES ('A0160013A', '2019-08-14 00:00:00', 'AY19/20S1', 'CS2103', 'True', '2019-08-15 00:00:00');
INSERT INTO course_requests VALUES ('A0160014A', '2019-08-14 00:00:00', 'AY19/20S1', 'CS2103', 'True', '2019-08-15 00:00:00');
INSERT INTO course_requests VALUES ('A0160015A', '2019-08-14 00:00:00', 'AY19/20S1', 'CS2103', 'True', '2019-08-15 00:00:00');
INSERT INTO course_requests VALUES ('A0160016A', '2019-08-14 00:00:00', 'AY19/20S1', 'CS2103', 'True', '2019-08-15 00:00:00');
INSERT INTO course_requests VALUES ('A0160017A', '2019-08-14 00:00:00', 'AY19/20S1', 'CS2103', 'True', '2019-08-15 00:00:00');
INSERT INTO course_requests VALUES ('A0160018A', '2019-08-14 00:00:00', 'AY19/20S1', 'CS2103', 'True', '2019-08-15 00:00:00');
INSERT INTO course_requests VALUES ('A0160019A', '2019-08-14 00:00:00', 'AY19/20S1', 'CS2103', 'True', '2019-08-15 00:00:00');
INSERT INTO course_requests VALUES ('A0160020A', '2019-08-14 00:00:00', 'AY19/20S1', 'CS2103', 'True', '2019-08-15 00:00:00');

INSERT INTO course_requests VALUES ('A0170001A', '2019-08-14 00:00:00', 'AY19/20S1', 'CS2103', 'False', '2019-08-15 00:00:00');
INSERT INTO course_requests VALUES ('A0170002A', '2019-08-14 00:00:00', 'AY19/20S1', 'CS2103', 'False', '2019-08-15 00:00:00');
INSERT INTO course_requests VALUES ('A0170003A', '2019-08-14 00:00:00', 'AY19/20S1', 'CS2103', 'False', '2019-08-15 00:00:00');
INSERT INTO course_requests VALUES ('A0170004A', '2019-08-14 00:00:00', 'AY19/20S1', 'CS2103', 'False', '2019-08-15 00:00:00');
INSERT INTO course_requests VALUES ('A0170005A', '2019-08-14 00:00:00', 'AY19/20S1', 'CS2103', 'False', '2019-08-15 00:00:00');
INSERT INTO course_requests VALUES ('A0170006A', '2019-08-14 00:00:00', 'AY19/20S1', 'CS2103', 'False', '2019-08-15 00:00:00');
INSERT INTO course_requests VALUES ('A0170007A', '2019-08-14 00:00:00', 'AY19/20S1', 'CS2103', 'False', '2019-08-15 00:00:00');
INSERT INTO course_requests VALUES ('A0170008A', '2019-08-14 00:00:00', 'AY19/20S1', 'CS2103', 'False', '2019-08-15 00:00:00');
INSERT INTO course_requests VALUES ('A0170009A', '2019-08-14 00:00:00', 'AY19/20S1', 'CS2103', 'False', '2019-08-15 00:00:00');
INSERT INTO course_requests VALUES ('A0170010A', '2019-08-14 00:00:00', 'AY19/20S1', 'CS2103', 'False', '2019-08-15 00:00:00');
INSERT INTO course_requests VALUES ('A0170011A', '2019-08-14 00:00:00', 'AY19/20S1', 'CS2103', 'False', '2019-08-15 00:00:00');
INSERT INTO course_requests VALUES ('A0170012A', '2019-08-14 00:00:00', 'AY19/20S1', 'CS2103', 'False', '2019-08-15 00:00:00');
INSERT INTO course_requests VALUES ('A0170013A', '2019-08-14 00:00:00', 'AY19/20S1', 'CS2103', 'False', '2019-08-15 00:00:00');
INSERT INTO course_requests VALUES ('A0170014A', '2019-08-14 00:00:00', 'AY19/20S1', 'CS2103', 'False', '2019-08-15 00:00:00');
INSERT INTO course_requests VALUES ('A0170015A', '2019-08-14 00:00:00', 'AY19/20S1', 'CS2103', 'False', '2019-08-15 00:00:00');
INSERT INTO course_requests VALUES ('A0170016A', '2019-08-14 00:00:00', 'AY19/20S1', 'CS2103', 'False', '2019-08-15 00:00:00');
INSERT INTO course_requests VALUES ('A0170017A', '2019-08-14 00:00:00', 'AY19/20S1', 'CS2103', 'False', '2019-08-15 00:00:00');
INSERT INTO course_requests VALUES ('A0170018A', '2019-08-14 00:00:00', 'AY19/20S1', 'CS2103', 'False', '2019-08-15 00:00:00');
INSERT INTO course_requests VALUES ('A0170019A', '2019-08-14 00:00:00', 'AY19/20S1', 'CS2103', 'False', '2019-08-15 00:00:00');
INSERT INTO course_requests VALUES ('A0170020A', '2019-08-14 00:00:00', 'AY19/20S1', 'CS2103', 'False', '2019-08-15 00:00:00');

INSERT INTO course_requests VALUES ('A0180001A', '2019-08-14 00:00:00', 'AY19/20S1', 'CS2103');
INSERT INTO course_requests VALUES ('A0180002A', '2019-08-14 00:00:00', 'AY19/20S1', 'CS2103');
INSERT INTO course_requests VALUES ('A0180003A', '2019-08-14 00:00:00', 'AY19/20S1', 'CS2103');
INSERT INTO course_requests VALUES ('A0180004A', '2019-08-14 00:00:00', 'AY19/20S1', 'CS2103');
INSERT INTO course_requests VALUES ('A0180005A', '2019-08-14 00:00:00', 'AY19/20S1', 'CS2103');
INSERT INTO course_requests VALUES ('A0180006A', '2019-08-14 00:00:00', 'AY19/20S1', 'CS2103');
INSERT INTO course_requests VALUES ('A0180007A', '2019-08-14 00:00:00', 'AY19/20S1', 'CS2103');
INSERT INTO course_requests VALUES ('A0180008A', '2019-08-14 00:00:00', 'AY19/20S1', 'CS2103');
INSERT INTO course_requests VALUES ('A0180009A', '2019-08-14 00:00:00', 'AY19/20S1', 'CS2103');
INSERT INTO course_requests VALUES ('A0180010A', '2019-08-14 00:00:00', 'AY19/20S1', 'CS2103');
INSERT INTO course_requests VALUES ('A0180011A', '2019-08-14 00:00:00', 'AY19/20S1', 'CS2103');
INSERT INTO course_requests VALUES ('A0180012A', '2019-08-14 00:00:00', 'AY19/20S1', 'CS2103');
INSERT INTO course_requests VALUES ('A0180013A', '2019-08-14 00:00:00', 'AY19/20S1', 'CS2103');
INSERT INTO course_requests VALUES ('A0180014A', '2019-08-14 00:00:00', 'AY19/20S1', 'CS2103');
INSERT INTO course_requests VALUES ('A0180015A', '2019-08-14 00:00:00', 'AY19/20S1', 'CS2103');
INSERT INTO course_requests VALUES ('A0180016A', '2019-08-14 00:00:00', 'AY19/20S1', 'CS2103');
INSERT INTO course_requests VALUES ('A0180017A', '2019-08-14 00:00:00', 'AY19/20S1', 'CS2103');
INSERT INTO course_requests VALUES ('A0180018A', '2019-08-14 00:00:00', 'AY19/20S1', 'CS2103');
INSERT INTO course_requests VALUES ('A0180019A', '2019-08-14 00:00:00', 'AY19/20S1', 'CS2103');
INSERT INTO course_requests VALUES ('A0180020A', '2019-08-14 00:00:00', 'AY19/20S1', 'CS2103');

INSERT INTO course_requests VALUES ('A0180001A', '2019-08-14 00:00:00', 'AY19/20S1', 'GEQ1000', 'True', '2019-08-15 00:00:00');
INSERT INTO course_requests VALUES ('A0180002A', '2019-08-14 00:00:00', 'AY19/20S1', 'GEQ1000', 'True', '2019-08-15 00:00:00');
INSERT INTO course_requests VALUES ('A0180003A', '2019-08-14 00:00:00', 'AY19/20S1', 'GEQ1000', 'True', '2019-08-15 00:00:00');
INSERT INTO course_requests VALUES ('A0180004A', '2019-08-14 00:00:00', 'AY19/20S1', 'GEQ1000', 'True', '2019-08-15 00:00:00');
INSERT INTO course_requests VALUES ('A0180005A', '2019-08-14 00:00:00', 'AY19/20S1', 'GEQ1000', 'True', '2019-08-15 00:00:00');
INSERT INTO course_requests VALUES ('A0180006A', '2019-08-14 00:00:00', 'AY19/20S1', 'GEQ1000', 'True', '2019-08-15 00:00:00');
INSERT INTO course_requests VALUES ('A0180007A', '2019-08-14 00:00:00', 'AY19/20S1', 'GEQ1000', 'True', '2019-08-15 00:00:00');
INSERT INTO course_requests VALUES ('A0180008A', '2019-08-14 00:00:00', 'AY19/20S1', 'GEQ1000', 'True', '2019-08-15 00:00:00');
INSERT INTO course_requests VALUES ('A0180009A', '2019-08-14 00:00:00', 'AY19/20S1', 'GEQ1000', 'True', '2019-08-15 00:00:00');
INSERT INTO course_requests VALUES ('A0180010A', '2019-08-14 00:00:00', 'AY19/20S1', 'GEQ1000', 'True', '2019-08-15 00:00:00');
INSERT INTO course_requests VALUES ('A0180011A', '2019-08-14 00:00:00', 'AY19/20S1', 'GEQ1000', 'True', '2019-08-15 00:00:00');
INSERT INTO course_requests VALUES ('A0180012A', '2019-08-14 00:00:00', 'AY19/20S1', 'GEQ1000', 'True', '2019-08-15 00:00:00');
INSERT INTO course_requests VALUES ('A0180013A', '2019-08-14 00:00:00', 'AY19/20S1', 'GEQ1000', 'True', '2019-08-15 00:00:00');
INSERT INTO course_requests VALUES ('A0180014A', '2019-08-14 00:00:00', 'AY19/20S1', 'GEQ1000', 'True', '2019-08-15 00:00:00');
INSERT INTO course_requests VALUES ('A0180015A', '2019-08-14 00:00:00', 'AY19/20S1', 'GEQ1000', 'True', '2019-08-15 00:00:00');
INSERT INTO course_requests VALUES ('A0180016A', '2019-08-14 00:00:00', 'AY19/20S1', 'GEQ1000', 'True', '2019-08-15 00:00:00');
INSERT INTO course_requests VALUES ('A0180017A', '2019-08-14 00:00:00', 'AY19/20S1', 'GEQ1000', 'True', '2019-08-15 00:00:00');
INSERT INTO course_requests VALUES ('A0180018A', '2019-08-14 00:00:00', 'AY19/20S1', 'GEQ1000', 'True', '2019-08-15 00:00:00');
INSERT INTO course_requests VALUES ('A0180019A', '2019-08-14 00:00:00', 'AY19/20S1', 'GEQ1000', 'True', '2019-08-15 00:00:00');
INSERT INTO course_requests VALUES ('A0180020A', '2019-08-14 00:00:00', 'AY19/20S1', 'GEQ1000', 'True', '2019-08-15 00:00:00');

INSERT INTO course_requests VALUES ('A0160001A', '2019-08-14 00:00:00', 'AY19/20S1', 'GEQ1000', 'False', '2019-08-15 00:00:00');
INSERT INTO course_requests VALUES ('A0160002A', '2019-08-14 00:00:00', 'AY19/20S1', 'GEQ1000', 'False', '2019-08-15 00:00:00');
INSERT INTO course_requests VALUES ('A0160003A', '2019-08-14 00:00:00', 'AY19/20S1', 'GEQ1000', 'False', '2019-08-15 00:00:00');
INSERT INTO course_requests VALUES ('A0160004A', '2019-08-14 00:00:00', 'AY19/20S1', 'GEQ1000', 'False', '2019-08-15 00:00:00');
INSERT INTO course_requests VALUES ('A0160005A', '2019-08-14 00:00:00', 'AY19/20S1', 'GEQ1000', 'False', '2019-08-15 00:00:00');
INSERT INTO course_requests VALUES ('A0160006A', '2019-08-14 00:00:00', 'AY19/20S1', 'GEQ1000', 'False', '2019-08-15 00:00:00');
INSERT INTO course_requests VALUES ('A0160007A', '2019-08-14 00:00:00', 'AY19/20S1', 'GEQ1000', 'False', '2019-08-15 00:00:00');
INSERT INTO course_requests VALUES ('A0160008A', '2019-08-14 00:00:00', 'AY19/20S1', 'GEQ1000', 'False', '2019-08-15 00:00:00');
INSERT INTO course_requests VALUES ('A0160009A', '2019-08-14 00:00:00', 'AY19/20S1', 'GEQ1000', 'False', '2019-08-15 00:00:00');
INSERT INTO course_requests VALUES ('A0160010A', '2019-08-14 00:00:00', 'AY19/20S1', 'GEQ1000', 'False', '2019-08-15 00:00:00');
INSERT INTO course_requests VALUES ('A0160011A', '2019-08-14 00:00:00', 'AY19/20S1', 'GEQ1000', 'False', '2019-08-15 00:00:00');
INSERT INTO course_requests VALUES ('A0160012A', '2019-08-14 00:00:00', 'AY19/20S1', 'GEQ1000', 'False', '2019-08-15 00:00:00');
INSERT INTO course_requests VALUES ('A0160013A', '2019-08-14 00:00:00', 'AY19/20S1', 'GEQ1000', 'False', '2019-08-15 00:00:00');
INSERT INTO course_requests VALUES ('A0160014A', '2019-08-14 00:00:00', 'AY19/20S1', 'GEQ1000', 'False', '2019-08-15 00:00:00');
INSERT INTO course_requests VALUES ('A0160015A', '2019-08-14 00:00:00', 'AY19/20S1', 'GEQ1000', 'False', '2019-08-15 00:00:00');
INSERT INTO course_requests VALUES ('A0160016A', '2019-08-14 00:00:00', 'AY19/20S1', 'GEQ1000', 'False', '2019-08-15 00:00:00');
INSERT INTO course_requests VALUES ('A0160017A', '2019-08-14 00:00:00', 'AY19/20S1', 'GEQ1000', 'False', '2019-08-15 00:00:00');
INSERT INTO course_requests VALUES ('A0160018A', '2019-08-14 00:00:00', 'AY19/20S1', 'GEQ1000', 'False', '2019-08-15 00:00:00');
INSERT INTO course_requests VALUES ('A0160019A', '2019-08-14 00:00:00', 'AY19/20S1', 'GEQ1000', 'False', '2019-08-15 00:00:00');
INSERT INTO course_requests VALUES ('A0160020A', '2019-08-14 00:00:00', 'AY19/20S1', 'GEQ1000', 'False', '2019-08-15 00:00:00');

INSERT INTO course_requests VALUES ('A0170001A', '2019-08-14 00:00:00', 'AY19/20S1', 'GEQ1000');
INSERT INTO course_requests VALUES ('A0170002A', '2019-08-14 00:00:00', 'AY19/20S1', 'GEQ1000');
INSERT INTO course_requests VALUES ('A0170003A', '2019-08-14 00:00:00', 'AY19/20S1', 'GEQ1000');
INSERT INTO course_requests VALUES ('A0170004A', '2019-08-14 00:00:00', 'AY19/20S1', 'GEQ1000');
INSERT INTO course_requests VALUES ('A0170005A', '2019-08-14 00:00:00', 'AY19/20S1', 'GEQ1000');
INSERT INTO course_requests VALUES ('A0170006A', '2019-08-14 00:00:00', 'AY19/20S1', 'GEQ1000');
INSERT INTO course_requests VALUES ('A0170007A', '2019-08-14 00:00:00', 'AY19/20S1', 'GEQ1000');
INSERT INTO course_requests VALUES ('A0170008A', '2019-08-14 00:00:00', 'AY19/20S1', 'GEQ1000');
INSERT INTO course_requests VALUES ('A0170009A', '2019-08-14 00:00:00', 'AY19/20S1', 'GEQ1000');
INSERT INTO course_requests VALUES ('A0170010A', '2019-08-14 00:00:00', 'AY19/20S1', 'GEQ1000');
INSERT INTO course_requests VALUES ('A0170011A', '2019-08-14 00:00:00', 'AY19/20S1', 'GEQ1000');
INSERT INTO course_requests VALUES ('A0170012A', '2019-08-14 00:00:00', 'AY19/20S1', 'GEQ1000');
INSERT INTO course_requests VALUES ('A0170013A', '2019-08-14 00:00:00', 'AY19/20S1', 'GEQ1000');
INSERT INTO course_requests VALUES ('A0170014A', '2019-08-14 00:00:00', 'AY19/20S1', 'GEQ1000');
INSERT INTO course_requests VALUES ('A0170015A', '2019-08-14 00:00:00', 'AY19/20S1', 'GEQ1000');
INSERT INTO course_requests VALUES ('A0170016A', '2019-08-14 00:00:00', 'AY19/20S1', 'GEQ1000');
INSERT INTO course_requests VALUES ('A0170017A', '2019-08-14 00:00:00', 'AY19/20S1', 'GEQ1000');
INSERT INTO course_requests VALUES ('A0170018A', '2019-08-14 00:00:00', 'AY19/20S1', 'GEQ1000');
INSERT INTO course_requests VALUES ('A0170019A', '2019-08-14 00:00:00', 'AY19/20S1', 'GEQ1000');
INSERT INTO course_requests VALUES ('A0170020A', '2019-08-14 00:00:00', 'AY19/20S1', 'GEQ1000');

/* COURSE_MEMBERSHIPS */
INSERT INTO course_memberships VALUES ('student', 'AY18/19S1', 'CS2102', 'A0160001A');
INSERT INTO course_memberships VALUES ('student', 'AY18/19S1', 'CS2102', 'A0160002A');
INSERT INTO course_memberships VALUES ('student', 'AY18/19S1', 'CS2102', 'A0160003A');
INSERT INTO course_memberships VALUES ('student', 'AY18/19S1', 'CS2102', 'A0160004A');
INSERT INTO course_memberships VALUES ('student', 'AY18/19S1', 'CS2102', 'A0160005A');
INSERT INTO course_memberships VALUES ('student', 'AY18/19S1', 'CS2102', 'A0160006A');
INSERT INTO course_memberships VALUES ('student', 'AY18/19S1', 'CS2102', 'A0160007A');
INSERT INTO course_memberships VALUES ('student', 'AY18/19S1', 'CS2102', 'A0160008A');
INSERT INTO course_memberships VALUES ('student', 'AY18/19S1', 'CS2102', 'A0160009A');
INSERT INTO course_memberships VALUES ('student', 'AY18/19S1', 'CS2102', 'A0160010A');
INSERT INTO course_memberships VALUES ('student', 'AY18/19S1', 'CS2102', 'A0160011A');
INSERT INTO course_memberships VALUES ('student', 'AY18/19S1', 'CS2102', 'A0160012A');
INSERT INTO course_memberships VALUES ('student', 'AY18/19S1', 'CS2102', 'A0160013A');
INSERT INTO course_memberships VALUES ('student', 'AY18/19S1', 'CS2102', 'A0160014A');
INSERT INTO course_memberships VALUES ('student', 'AY18/19S1', 'CS2102', 'A0160015A');
INSERT INTO course_memberships VALUES ('student', 'AY18/19S1', 'CS2102', 'A0160016A');
INSERT INTO course_memberships VALUES ('student', 'AY18/19S1', 'CS2102', 'A0160017A');
INSERT INTO course_memberships VALUES ('student', 'AY18/19S1', 'CS2102', 'A0160018A');
INSERT INTO course_memberships VALUES ('student', 'AY18/19S1', 'CS2102', 'A0160019A');
INSERT INTO course_memberships VALUES ('student', 'AY18/19S1', 'CS2102', 'A0160020A');
INSERT INTO course_memberships VALUES ('TA', 'AY18/19S1', 'CS2102', 'A0170001A');
INSERT INTO course_memberships VALUES ('TA', 'AY18/19S1', 'CS2102', 'A0170002A');
INSERT INTO course_memberships VALUES ('professor', 'AY18/19S1', 'CS2102', 'S0200020A');

INSERT INTO course_memberships VALUES ('TA', 'AY19/20S1', 'CS2102', 'A0200001A');
INSERT INTO course_memberships VALUES ('TA', 'AY19/20S1', 'CS2102', 'A0200002A');
INSERT INTO course_memberships VALUES ('professor', 'AY19/20S1', 'CS2102', 'S0200020A');

INSERT INTO course_memberships VALUES ('student', 'AY18/19S1', 'CS1101S', 'A0160001A');
INSERT INTO course_memberships VALUES ('student', 'AY18/19S1', 'CS1101S', 'A0160002A');
INSERT INTO course_memberships VALUES ('student', 'AY18/19S1', 'CS1101S', 'A0160003A');
INSERT INTO course_memberships VALUES ('student', 'AY18/19S1', 'CS1101S', 'A0160004A');
INSERT INTO course_memberships VALUES ('student', 'AY18/19S1', 'CS1101S', 'A0160005A');
INSERT INTO course_memberships VALUES ('student', 'AY18/19S1', 'CS1101S', 'A0160006A');
INSERT INTO course_memberships VALUES ('student', 'AY18/19S1', 'CS1101S', 'A0160007A');
INSERT INTO course_memberships VALUES ('student', 'AY18/19S1', 'CS1101S', 'A0160008A');
INSERT INTO course_memberships VALUES ('student', 'AY18/19S1', 'CS1101S', 'A0160009A');
INSERT INTO course_memberships VALUES ('student', 'AY18/19S1', 'CS1101S', 'A0160010A');
INSERT INTO course_memberships VALUES ('student', 'AY18/19S1', 'CS1101S', 'A0160011A');
INSERT INTO course_memberships VALUES ('student', 'AY18/19S1', 'CS1101S', 'A0160012A');
INSERT INTO course_memberships VALUES ('student', 'AY18/19S1', 'CS1101S', 'A0160013A');
INSERT INTO course_memberships VALUES ('student', 'AY18/19S1', 'CS1101S', 'A0160014A');
INSERT INTO course_memberships VALUES ('student', 'AY18/19S1', 'CS1101S', 'A0160015A');
INSERT INTO course_memberships VALUES ('student', 'AY18/19S1', 'CS1101S', 'A0160016A');
INSERT INTO course_memberships VALUES ('student', 'AY18/19S1', 'CS1101S', 'A0160017A');
INSERT INTO course_memberships VALUES ('student', 'AY18/19S1', 'CS1101S', 'A0160018A');
INSERT INTO course_memberships VALUES ('student', 'AY18/19S1', 'CS1101S', 'A0160019A');
INSERT INTO course_memberships VALUES ('student', 'AY18/19S1', 'CS1101S', 'A0160020A');
INSERT INTO course_memberships VALUES ('TA', 'AY18/19S1', 'CS1101S', 'A0170003A');
INSERT INTO course_memberships VALUES ('TA', 'AY18/19S1', 'CS1101S', 'A0170004A');
INSERT INTO course_memberships VALUES ('professor', 'AY18/19S1', 'CS1101S', 'S0200019A');

INSERT INTO course_memberships VALUES ('student', 'AY18/19S1', 'CS2103', 'A0170001A');
INSERT INTO course_memberships VALUES ('student', 'AY18/19S1', 'CS2103', 'A0170002A');
INSERT INTO course_memberships VALUES ('student', 'AY18/19S1', 'CS2103', 'A0170003A');
INSERT INTO course_memberships VALUES ('student', 'AY18/19S1', 'CS2103', 'A0170004A');
INSERT INTO course_memberships VALUES ('student', 'AY18/19S1', 'CS2103', 'A0170005A');
INSERT INTO course_memberships VALUES ('student', 'AY18/19S1', 'CS2103', 'A0170006A');
INSERT INTO course_memberships VALUES ('student', 'AY18/19S1', 'CS2103', 'A0170007A');
INSERT INTO course_memberships VALUES ('student', 'AY18/19S1', 'CS2103', 'A0170008A');
INSERT INTO course_memberships VALUES ('student', 'AY18/19S1', 'CS2103', 'A0170009A');
INSERT INTO course_memberships VALUES ('student', 'AY18/19S1', 'CS2103', 'A0170010A');
INSERT INTO course_memberships VALUES ('student', 'AY18/19S1', 'CS2103', 'A0170011A');
INSERT INTO course_memberships VALUES ('student', 'AY18/19S1', 'CS2103', 'A0170012A');
INSERT INTO course_memberships VALUES ('student', 'AY18/19S1', 'CS2103', 'A0170013A');
INSERT INTO course_memberships VALUES ('student', 'AY18/19S1', 'CS2103', 'A0170014A');
INSERT INTO course_memberships VALUES ('student', 'AY18/19S1', 'CS2103', 'A0170015A');
INSERT INTO course_memberships VALUES ('student', 'AY18/19S1', 'CS2103', 'A0170016A');
INSERT INTO course_memberships VALUES ('student', 'AY18/19S1', 'CS2103', 'A0170017A');
INSERT INTO course_memberships VALUES ('student', 'AY18/19S1', 'CS2103', 'A0170018A');
INSERT INTO course_memberships VALUES ('student', 'AY18/19S1', 'CS2103', 'A0170019A');
INSERT INTO course_memberships VALUES ('student', 'AY18/19S1', 'CS2103', 'A0170020A');
INSERT INTO course_memberships VALUES ('TA', 'AY18/19S1', 'CS2103', 'A0160001A');
INSERT INTO course_memberships VALUES ('TA', 'AY18/19S1', 'CS2103', 'A0160002A');
INSERT INTO course_memberships VALUES ('professor', 'AY18/19S1', 'CS2103', 'S0200018A');

INSERT INTO course_memberships VALUES ('student', 'AY18/19S1', 'GEQ1000', 'A0160001A');
INSERT INTO course_memberships VALUES ('student', 'AY18/19S1', 'GEQ1000', 'A0160002A');
INSERT INTO course_memberships VALUES ('student', 'AY18/19S1', 'GEQ1000', 'A0160003A');
INSERT INTO course_memberships VALUES ('student', 'AY18/19S1', 'GEQ1000', 'A0160004A');
INSERT INTO course_memberships VALUES ('student', 'AY18/19S1', 'GEQ1000', 'A0160005A');
INSERT INTO course_memberships VALUES ('student', 'AY18/19S1', 'GEQ1000', 'A0160006A');
INSERT INTO course_memberships VALUES ('student', 'AY18/19S1', 'GEQ1000', 'A0160007A');
INSERT INTO course_memberships VALUES ('student', 'AY18/19S1', 'GEQ1000', 'A0160008A');
INSERT INTO course_memberships VALUES ('student', 'AY18/19S1', 'GEQ1000', 'A0160009A');
INSERT INTO course_memberships VALUES ('student', 'AY18/19S1', 'GEQ1000', 'A0160010A');
INSERT INTO course_memberships VALUES ('student', 'AY18/19S1', 'GEQ1000', 'A0160011A');
INSERT INTO course_memberships VALUES ('student', 'AY18/19S1', 'GEQ1000', 'A0160012A');
INSERT INTO course_memberships VALUES ('student', 'AY18/19S1', 'GEQ1000', 'A0160013A');
INSERT INTO course_memberships VALUES ('student', 'AY18/19S1', 'GEQ1000', 'A0160014A');
INSERT INTO course_memberships VALUES ('student', 'AY18/19S1', 'GEQ1000', 'A0160015A');
INSERT INTO course_memberships VALUES ('student', 'AY18/19S1', 'GEQ1000', 'A0160016A');
INSERT INTO course_memberships VALUES ('student', 'AY18/19S1', 'GEQ1000', 'A0160017A');
INSERT INTO course_memberships VALUES ('student', 'AY18/19S1', 'GEQ1000', 'A0160018A');
INSERT INTO course_memberships VALUES ('student', 'AY18/19S1', 'GEQ1000', 'A0160019A');
INSERT INTO course_memberships VALUES ('student', 'AY18/19S1', 'GEQ1000', 'A0160020A');
INSERT INTO course_memberships VALUES ('student', 'AY18/19S1', 'GEQ1000', 'A0170001A');
INSERT INTO course_memberships VALUES ('student', 'AY18/19S1', 'GEQ1000', 'A0170002A');
INSERT INTO course_memberships VALUES ('student', 'AY18/19S1', 'GEQ1000', 'A0170003A');
INSERT INTO course_memberships VALUES ('student', 'AY18/19S1', 'GEQ1000', 'A0170004A');
INSERT INTO course_memberships VALUES ('student', 'AY18/19S1', 'GEQ1000', 'A0170005A');
INSERT INTO course_memberships VALUES ('student', 'AY18/19S1', 'GEQ1000', 'A0170006A');
INSERT INTO course_memberships VALUES ('student', 'AY18/19S1', 'GEQ1000', 'A0170007A');
INSERT INTO course_memberships VALUES ('student', 'AY18/19S1', 'GEQ1000', 'A0170008A');
INSERT INTO course_memberships VALUES ('student', 'AY18/19S1', 'GEQ1000', 'A0170009A');
INSERT INTO course_memberships VALUES ('student', 'AY18/19S1', 'GEQ1000', 'A0170010A');
INSERT INTO course_memberships VALUES ('student', 'AY18/19S1', 'GEQ1000', 'A0170011A');
INSERT INTO course_memberships VALUES ('student', 'AY18/19S1', 'GEQ1000', 'A0170012A');
INSERT INTO course_memberships VALUES ('student', 'AY18/19S1', 'GEQ1000', 'A0170013A');
INSERT INTO course_memberships VALUES ('student', 'AY18/19S1', 'GEQ1000', 'A0170014A');
INSERT INTO course_memberships VALUES ('student', 'AY18/19S1', 'GEQ1000', 'A0170015A');
INSERT INTO course_memberships VALUES ('student', 'AY18/19S1', 'GEQ1000', 'A0170016A');
INSERT INTO course_memberships VALUES ('student', 'AY18/19S1', 'GEQ1000', 'A0170017A');
INSERT INTO course_memberships VALUES ('student', 'AY18/19S1', 'GEQ1000', 'A0170018A');
INSERT INTO course_memberships VALUES ('student', 'AY18/19S1', 'GEQ1000', 'A0170019A');
INSERT INTO course_memberships VALUES ('student', 'AY18/19S1', 'GEQ1000', 'A0170020A');
INSERT INTO course_memberships VALUES ('TA', 'AY18/19S1', 'GEQ1000', 'A0180001A');
INSERT INTO course_memberships VALUES ('TA', 'AY18/19S1', 'GEQ1000', 'A0180002A');
INSERT INTO course_memberships VALUES ('professor', 'AY18/19S1', 'GEQ1000', 'S0200017A');

INSERT INTO course_memberships VALUES ('student', 'AY19/20S1', 'CS2103', 'A0160001A');
INSERT INTO course_memberships VALUES ('student', 'AY19/20S1', 'CS2103', 'A0160002A');
INSERT INTO course_memberships VALUES ('student', 'AY19/20S1', 'CS2103', 'A0160003A');
INSERT INTO course_memberships VALUES ('student', 'AY19/20S1', 'CS2103', 'A0160004A');
INSERT INTO course_memberships VALUES ('student', 'AY19/20S1', 'CS2103', 'A0160005A');
INSERT INTO course_memberships VALUES ('student', 'AY19/20S1', 'CS2103', 'A0160006A');
INSERT INTO course_memberships VALUES ('student', 'AY19/20S1', 'CS2103', 'A0160007A');
INSERT INTO course_memberships VALUES ('student', 'AY19/20S1', 'CS2103', 'A0160008A');
INSERT INTO course_memberships VALUES ('student', 'AY19/20S1', 'CS2103', 'A0160009A');
INSERT INTO course_memberships VALUES ('student', 'AY19/20S1', 'CS2103', 'A0160010A');
INSERT INTO course_memberships VALUES ('student', 'AY19/20S1', 'CS2103', 'A0160011A');
INSERT INTO course_memberships VALUES ('student', 'AY19/20S1', 'CS2103', 'A0160012A');
INSERT INTO course_memberships VALUES ('student', 'AY19/20S1', 'CS2103', 'A0160013A');
INSERT INTO course_memberships VALUES ('student', 'AY19/20S1', 'CS2103', 'A0160014A');
INSERT INTO course_memberships VALUES ('student', 'AY19/20S1', 'CS2103', 'A0160015A');
INSERT INTO course_memberships VALUES ('student', 'AY19/20S1', 'CS2103', 'A0160016A');
INSERT INTO course_memberships VALUES ('student', 'AY19/20S1', 'CS2103', 'A0160017A');
INSERT INTO course_memberships VALUES ('student', 'AY19/20S1', 'CS2103', 'A0160018A');
INSERT INTO course_memberships VALUES ('student', 'AY19/20S1', 'CS2103', 'A0160019A');
INSERT INTO course_memberships VALUES ('student', 'AY19/20S1', 'CS2103', 'A0160020A');
INSERT INTO course_memberships VALUES ('TA', 'AY19/20S1', 'CS2103', 'A0200001A');
INSERT INTO course_memberships VALUES ('TA', 'AY19/20S1', 'CS2103', 'A0200002A');
INSERT INTO course_memberships VALUES ('professor', 'AY19/20S1', 'CS2103', 'S0200019A');

INSERT INTO course_memberships VALUES ('student', 'AY19/20S1', 'GEQ1000', 'A0180001A');
INSERT INTO course_memberships VALUES ('student', 'AY19/20S1', 'GEQ1000', 'A0180002A');
INSERT INTO course_memberships VALUES ('student', 'AY19/20S1', 'GEQ1000', 'A0180003A');
INSERT INTO course_memberships VALUES ('student', 'AY19/20S1', 'GEQ1000', 'A0180004A');
INSERT INTO course_memberships VALUES ('student', 'AY19/20S1', 'GEQ1000', 'A0180005A');
INSERT INTO course_memberships VALUES ('student', 'AY19/20S1', 'GEQ1000', 'A0180006A');
INSERT INTO course_memberships VALUES ('student', 'AY19/20S1', 'GEQ1000', 'A0180007A');
INSERT INTO course_memberships VALUES ('student', 'AY19/20S1', 'GEQ1000', 'A0180008A');
INSERT INTO course_memberships VALUES ('student', 'AY19/20S1', 'GEQ1000', 'A0180009A');
INSERT INTO course_memberships VALUES ('student', 'AY19/20S1', 'GEQ1000', 'A0180010A');
INSERT INTO course_memberships VALUES ('student', 'AY19/20S1', 'GEQ1000', 'A0180011A');
INSERT INTO course_memberships VALUES ('student', 'AY19/20S1', 'GEQ1000', 'A0180012A');
INSERT INTO course_memberships VALUES ('student', 'AY19/20S1', 'GEQ1000', 'A0180013A');
INSERT INTO course_memberships VALUES ('student', 'AY19/20S1', 'GEQ1000', 'A0180014A');
INSERT INTO course_memberships VALUES ('student', 'AY19/20S1', 'GEQ1000', 'A0180015A');
INSERT INTO course_memberships VALUES ('student', 'AY19/20S1', 'GEQ1000', 'A0180016A');
INSERT INTO course_memberships VALUES ('student', 'AY19/20S1', 'GEQ1000', 'A0180017A');
INSERT INTO course_memberships VALUES ('student', 'AY19/20S1', 'GEQ1000', 'A0180018A');
INSERT INTO course_memberships VALUES ('student', 'AY19/20S1', 'GEQ1000', 'A0180019A');
INSERT INTO course_memberships VALUES ('student', 'AY19/20S1', 'GEQ1000', 'A0180020A');
INSERT INTO course_memberships VALUES ('TA', 'AY19/20S1', 'GEQ1000', 'A0200001A');
INSERT INTO course_memberships VALUES ('TA', 'AY19/20S1', 'GEQ1000', 'A0200002A');
INSERT INTO course_memberships VALUES ('professor', 'AY19/20S1', 'GEQ1000', 'S0200020A');

/* GROUPS */
INSERT INTO groups VALUES ('Group 1', 'AY18/19S1', 'CS2102');
INSERT INTO groups VALUES ('Group 2', 'AY18/19S1', 'CS2102');
INSERT INTO groups VALUES ('Group 3', 'AY18/19S1', 'CS2102');
INSERT INTO groups VALUES ('Group 1', 'AY18/19S2', 'CS2102');
INSERT INTO groups VALUES ('Group 2', 'AY18/19S2', 'CS2102');
INSERT INTO groups VALUES ('Group 3', 'AY18/19S2', 'CS2102');

INSERT INTO groups VALUES ('Group 1', 'AY18/19S1', 'CS1101S');
INSERT INTO groups VALUES ('Group 2', 'AY18/19S1', 'CS1101S');
INSERT INTO groups VALUES ('Group 3', 'AY18/19S1', 'CS1101S');
INSERT INTO groups VALUES ('Group 1', 'AY18/19S2', 'CS1101S');
INSERT INTO groups VALUES ('Group 2', 'AY18/19S2', 'CS1101S');
INSERT INTO groups VALUES ('Group 3', 'AY18/19S2', 'CS1101S');

INSERT INTO groups VALUES ('Group 1', 'AY18/19S1', 'CS2103');
INSERT INTO groups VALUES ('Group 2', 'AY18/19S1', 'CS2103');
INSERT INTO groups VALUES ('Group 3', 'AY18/19S1', 'CS2103');
INSERT INTO groups VALUES ('Group 1', 'AY19/20S1', 'CS2103');
INSERT INTO groups VALUES ('Group 2', 'AY19/20S1', 'CS2103');
INSERT INTO groups VALUES ('Group 3', 'AY19/20S1', 'CS2103');

INSERT INTO groups VALUES ('Group 1', 'AY18/19S1', 'GEQ1000');
INSERT INTO groups VALUES ('Group 2', 'AY18/19S1', 'GEQ1000');
INSERT INTO groups VALUES ('Group 3', 'AY18/19S1', 'GEQ1000');
INSERT INTO groups VALUES ('Group 1', 'AY18/19S2', 'GEQ1000');
INSERT INTO groups VALUES ('Group 2', 'AY18/19S2', 'GEQ1000');
INSERT INTO groups VALUES ('Group 3', 'AY18/19S2', 'GEQ1000');
INSERT INTO groups VALUES ('Group 1', 'AY19/20S1', 'GEQ1000');
INSERT INTO groups VALUES ('Group 2', 'AY19/20S1', 'GEQ1000');
INSERT INTO groups VALUES ('Group 3', 'AY19/20S1', 'GEQ1000');
INSERT INTO groups VALUES ('Group 1', 'AY19/20S2', 'GEQ1000');
INSERT INTO groups VALUES ('Group 2', 'AY19/20S2', 'GEQ1000');
INSERT INTO groups VALUES ('Group 3', 'AY19/20S2', 'GEQ1000');

/* GROUP_MEMBERSHIPS */
INSERT INTO group_memberships VALUES ('student', 'AY18/19S1', 'CS2102', 'Group 1', 'A0160001A');
INSERT INTO group_memberships VALUES ('student', 'AY18/19S1', 'CS2102', 'Group 1', 'A0160002A');
INSERT INTO group_memberships VALUES ('student', 'AY18/19S1', 'CS2102', 'Group 1', 'A0160003A');
INSERT INTO group_memberships VALUES ('student', 'AY18/19S1', 'CS2102', 'Group 1', 'A0160004A');
INSERT INTO group_memberships VALUES ('student', 'AY18/19S1', 'CS2102', 'Group 1', 'A0160005A');
INSERT INTO group_memberships VALUES ('student', 'AY18/19S1', 'CS2102', 'Group 2', 'A0160006A');
INSERT INTO group_memberships VALUES ('student', 'AY18/19S1', 'CS2102', 'Group 2', 'A0160007A');
INSERT INTO group_memberships VALUES ('student', 'AY18/19S1', 'CS2102', 'Group 2', 'A0160008A');
INSERT INTO group_memberships VALUES ('student', 'AY18/19S1', 'CS2102', 'Group 2', 'A0160009A');
INSERT INTO group_memberships VALUES ('student', 'AY18/19S1', 'CS2102', 'Group 2', 'A0160010A');
INSERT INTO group_memberships VALUES ('student', 'AY18/19S1', 'CS2102', 'Group 3', 'A0160011A');
INSERT INTO group_memberships VALUES ('student', 'AY18/19S1', 'CS2102', 'Group 3', 'A0160012A');
INSERT INTO group_memberships VALUES ('student', 'AY18/19S1', 'CS2102', 'Group 3', 'A0160013A');
INSERT INTO group_memberships VALUES ('student', 'AY18/19S1', 'CS2102', 'Group 3', 'A0160014A');
INSERT INTO group_memberships VALUES ('student', 'AY18/19S1', 'CS2102', 'Group 3', 'A0160015A');

INSERT INTO group_memberships VALUES ('TA', 'AY18/19S1', 'CS2102', 'Group 1', 'A0170001A');
INSERT INTO group_memberships VALUES ('TA', 'AY18/19S1', 'CS2102', 'Group 2', 'A0170002A');
INSERT INTO group_memberships VALUES ('TA', 'AY18/19S1', 'CS2102', 'Group 3', 'A0170001A');
INSERT INTO group_memberships VALUES ('TA', 'AY18/19S1', 'CS2102', 'Group 3', 'A0170002A');

INSERT INTO group_memberships VALUES ('student', 'AY18/19S1', 'CS1101S', 'Group 1', 'A0160001A');
INSERT INTO group_memberships VALUES ('student', 'AY18/19S1', 'CS1101S', 'Group 1', 'A0160002A');
INSERT INTO group_memberships VALUES ('student', 'AY18/19S1', 'CS1101S', 'Group 1', 'A0160003A');
INSERT INTO group_memberships VALUES ('student', 'AY18/19S1', 'CS1101S', 'Group 1', 'A0160004A');
INSERT INTO group_memberships VALUES ('student', 'AY18/19S1', 'CS1101S', 'Group 1', 'A0160005A');
INSERT INTO group_memberships VALUES ('student', 'AY18/19S1', 'CS1101S', 'Group 2', 'A0160006A');
INSERT INTO group_memberships VALUES ('student', 'AY18/19S1', 'CS1101S', 'Group 2', 'A0160007A');
INSERT INTO group_memberships VALUES ('student', 'AY18/19S1', 'CS1101S', 'Group 2', 'A0160008A');
INSERT INTO group_memberships VALUES ('student', 'AY18/19S1', 'CS1101S', 'Group 2', 'A0160009A');
INSERT INTO group_memberships VALUES ('student', 'AY18/19S1', 'CS1101S', 'Group 2', 'A0160010A');
INSERT INTO group_memberships VALUES ('student', 'AY18/19S1', 'CS1101S', 'Group 3', 'A0160011A');
INSERT INTO group_memberships VALUES ('student', 'AY18/19S1', 'CS1101S', 'Group 3', 'A0160012A');
INSERT INTO group_memberships VALUES ('student', 'AY18/19S1', 'CS1101S', 'Group 3', 'A0160013A');
INSERT INTO group_memberships VALUES ('student', 'AY18/19S1', 'CS1101S', 'Group 3', 'A0160014A');
INSERT INTO group_memberships VALUES ('student', 'AY18/19S1', 'CS1101S', 'Group 3', 'A0160015A');

INSERT INTO group_memberships VALUES ('TA', 'AY18/19S1', 'CS1101S', 'Group 1', 'A0170003A');
INSERT INTO group_memberships VALUES ('TA', 'AY18/19S1', 'CS1101S', 'Group 2', 'A0170004A');
INSERT INTO group_memberships VALUES ('TA', 'AY18/19S1', 'CS1101S', 'Group 3', 'A0170003A');
INSERT INTO group_memberships VALUES ('TA', 'AY18/19S1', 'CS1101S', 'Group 3', 'A0170004A');

-- TODO: update

/* FORUMS */
INSERT INTO forums VALUES ('Lectures', 'AY18/19S1', 'CS2102');
INSERT INTO forums VALUES ('Tutorials', 'AY18/19S1', 'CS2102');
INSERT INTO forums VALUES ('Assignments', 'AY18/19S1', 'CS2102');
INSERT INTO forums VALUES ('Group 1', 'AY18/19S1', 'CS2102');
INSERT INTO forums VALUES ('Lectures', 'AY18/19S2', 'CS2102');
INSERT INTO forums VALUES ('Tutorials', 'AY18/19S2', 'CS2102');
INSERT INTO forums VALUES ('Assignments', 'AY18/19S2', 'CS2102');

INSERT INTO forums VALUES ('Lectures', 'AY18/19S1', 'CS1101S');
INSERT INTO forums VALUES ('Tutorials', 'AY18/19S1', 'CS1101S');
INSERT INTO forums VALUES ('Assignments', 'AY18/19S1', 'CS1101S');
INSERT INTO forums VALUES ('Group 1', 'AY18/19S1', 'CS1101S');
INSERT INTO forums VALUES ('Lectures', 'AY18/19S2', 'CS1101S');
INSERT INTO forums VALUES ('Tutorials', 'AY18/19S2', 'CS1101S');
INSERT INTO forums VALUES ('Assignments', 'AY18/19S2', 'CS1101S');

INSERT INTO forums VALUES ('Lectures', 'AY18/19S1', 'CS2103');
INSERT INTO forums VALUES ('Tutorials', 'AY18/19S1', 'CS2103');
INSERT INTO forums VALUES ('Assignments', 'AY18/19S1', 'CS2103');
INSERT INTO forums VALUES ('Lectures', 'AY19/20S1', 'CS2103');
INSERT INTO forums VALUES ('Tutorials', 'AY19/20S1', 'CS2103');
INSERT INTO forums VALUES ('Assignments', 'AY19/20S1', 'CS2103');

INSERT INTO forums VALUES ('Lectures', 'AY18/19S1', 'GEQ1000');
INSERT INTO forums VALUES ('Tutorials', 'AY18/19S1', 'GEQ1000');
INSERT INTO forums VALUES ('Assignments', 'AY18/19S1', 'GEQ1000');
INSERT INTO forums VALUES ('Lectures', 'AY18/19S2', 'GEQ1000');
INSERT INTO forums VALUES ('Tutorials', 'AY18/19S2', 'GEQ1000');
INSERT INTO forums VALUES ('Assignments', 'AY18/19S2', 'GEQ1000');
INSERT INTO forums VALUES ('Lectures', 'AY19/20S1', 'GEQ1000');
INSERT INTO forums VALUES ('Tutorials', 'AY19/20S1', 'GEQ1000');
INSERT INTO forums VALUES ('Assignments', 'AY19/20S1', 'GEQ1000');
INSERT INTO forums VALUES ('Lectures', 'AY19/20S2', 'GEQ1000');
INSERT INTO forums VALUES ('Tutorials', 'AY19/20S2', 'GEQ1000');
INSERT INTO forums VALUES ('Assignments', 'AY19/20S2', 'GEQ1000');

/* ACCESSES */
INSERT INTO accesses VALUES ('AY18/19S1', 'CS2102', 'Group 1', 'Lectures');
INSERT INTO accesses VALUES ('AY18/19S1', 'CS2102', 'Group 2', 'Lectures');
INSERT INTO accesses VALUES ('AY18/19S1', 'CS2102', 'Group 3', 'Lectures');
INSERT INTO accesses VALUES ('AY18/19S1', 'CS2102', 'Group 1', 'Group 1');

INSERT INTO accesses VALUES ('AY18/19S1', 'CS1101S', 'Group 1', 'Lectures');
INSERT INTO accesses VALUES ('AY18/19S1', 'CS1101S', 'Group 2', 'Lectures');
INSERT INTO accesses VALUES ('AY18/19S1', 'CS1101S', 'Group 3', 'Lectures');
INSERT INTO accesses VALUES ('AY18/19S1', 'CS1101S', 'Group 1', 'Group 1');

/* THREADS */
INSERT INTO threads VALUES ('2018-08-13 15:00:00', 'Welcome to CS2102!', 'This is the first thread.', 'S0200020A', 'AY18/19S1', 'CS2102', 'Lectures');
INSERT INTO threads VALUES ('2018-08-15 10:00:00', 'First thread in this forum!', 'This is the first thread.', 'A0160003A', 'AY18/19S1', 'CS2102', 'Lectures');
INSERT INTO threads VALUES ('2018-09-01 12:00:00', 'Second thread in this forum!', 'This is the second thread.', 'A0160004A', 'AY18/19S1', 'CS2102', 'Lectures');
INSERT INTO threads VALUES ('2018-09-15 23:59:59', 'Third thread in this forum!', 'This is the third thread.', 'A0160004A', 'AY18/19S1', 'CS2102', 'Lectures');

INSERT INTO threads VALUES ('2018-08-15 09:00:00', 'Welcome to CS1101S!', 'This is the first thread.', 'S0200019A', 'AY18/19S1', 'CS1101S', 'Lectures');

/* REPLIES */
INSERT INTO replies VALUES ('2018-08-14 19:00:00', 'Here is my first reply.', 'A0160001A', 'AY18/19S1', 'CS2102', 'Lectures', '2018-08-13 15:00:00');
INSERT INTO replies VALUES ('2018-08-18 19:00:00', 'Here is my first reply.', 'A0160001A', 'AY18/19S1', 'CS2102', 'Lectures', '2018-08-15 10:00:00');
INSERT INTO replies VALUES ('2018-08-20 19:00:00', 'Here is my second reply.', 'A0160001A', 'AY18/19S1', 'CS2102', 'Lectures', '2018-08-15 10:00:00');

INSERT INTO replies VALUES ('2018-08-17 21:00:00', 'Here is my first reply.', 'A0160002A', 'AY18/19S1', 'CS1101S', 'Lectures', '2018-08-15 09:00:00');